<?xml version="1.0" encoding="UTF-8"?>
<config xmlns="http://www.knime.org/2008/09/XMLConfig" xmlns:xsi="http://www.w3.org/2001/XMLSchema-instance" xsi:schemaLocation="http://www.knime.org/2008/09/XMLConfig http://www.knime.org/XMLConfig_2008_09.xsd" key="settings.xml">
<entry key="name" type="xstring" value="Column Filter"/>
<config key="model">
<entry key="selectionOption" type="xstring" value="EnforceExclusion"/>
<config key="exclude">
<entry key="array-size" type="xint" value="24"/>
<entry key="0" type="xstring" value="ImageNumber"/>
<entry key="1" type="xstring" value="Metadata_Plate"/>
<entry key="2" type="xstring" value="Metadata_Site"/>
<entry key="3" type="xstring" value="Intensity_IntegratedIntensityEdge_VirusSignal"/>
<entry key="4" type="xstring" value="Intensity_IntegratedIntensity_VirusSignal"/>
<entry key="5" type="xstring" value="Intensity_LowerQuartileIntensity_VirusSignal"/>
<entry key="6" type="xstring" value="Intensity_MADIntensity_VirusSignal"/>
<entry key="7" type="xstring" value="Intensity_MassDisplacement_VirusSignal"/>
<entry key="8" type="xstring" value="Intensity_MaxIntensityEdge_VirusSignal"/>
<entry key="9" type="xstring" value="Intensity_MaxIntensity_VirusSignal"/>
<entry key="10" type="xstring" value="Intensity_MeanIntensityEdge_VirusSignal"/>
<entry key="11" type="xstring" value="Intensity_MedianIntensity_VirusSignal"/>
<entry key="12" type="xstring" value="Intensity_MinIntensityEdge_VirusSignal"/>
<entry key="13" type="xstring" value="Intensity_MinIntensity_VirusSignal"/>
<entry key="14" type="xstring" value="Intensity_StdIntensityEdge_VirusSignal"/>
<entry key="15" type="xstring" value="Intensity_StdIntensity_VirusSignal"/>
<entry key="16" type="xstring" value="Intensity_UpperQuartileIntensity_VirusSignal"/>
<entry key="17" type="xstring" value="Location_CenterMassIntensity_X_VirusSignal"/>
<entry key="18" type="xstring" value="Location_CenterMassIntensity_Y_VirusSignal"/>
<entry key="19" type="xstring" value="Location_Center_X"/>
<entry key="20" type="xstring" value="Location_Center_Y"/>
<entry key="21" type="xstring" value="Location_MaxIntensity_X_VirusSignal"/>
<entry key="22" type="xstring" value="Location_MaxIntensity_Y_VirusSignal"/>
<entry key="23" type="xstring" value="Number_Object_Number"/>
</config>
</config>
<config key="variables">
<config key="selectionOption">
<entry key="used_variable" type="xstring" isnull="true" value=""/>
<entry key="exposed_variable" type="xstring" value="Metadata_Well"/>
</config>
</config>
<entry key="hasContent" type="xboolean" value="false"/>
<entry key="isInactive" type="xboolean" value="false"/>
<config key="ports">
<config key="port_1">
<entry key="index" type="xint" value="1"/>
<entry key="port_dir_location" type="xstring" isnull="true" value=""/>
</config>
</config>
</config>
