<?xml version="1.0" encoding="UTF-8"?>
<config xmlns="http://www.knime.org/2008/09/XMLConfig" xmlns:xsi="http://www.w3.org/2001/XMLSchema-instance" xsi:schemaLocation="http://www.knime.org/2008/09/XMLConfig http://www.knime.org/XMLConfig_2008_09.xsd" key="settings.xml">
<entry key="name" type="xstring" value="Sorter"/>
<config key="model">
<config key="incllist">
<entry key="array-size" type="xint" value="1"/>
<entry key="0" type="xstring" value="Metadata_Well"/>
</config>
<config key="sortOrder">
<entry key="array-size" type="xint" value="1"/>
<entry key="0" type="xboolean" value="true"/>
</config>
<entry key="sortinmemory" type="xboolean" value="false"/>
<entry key="missingToEnd" type="xboolean" value="false"/>
</config>
<entry key="hasContent" type="xboolean" value="true"/>
<entry key="isInactive" type="xboolean" value="false"/>
<config key="ports">
<config key="port_1">
<entry key="index" type="xint" value="1"/>
<entry key="port_spec_class" type="xstring" value="org.knime.core.data.DataTableSpec"/>
<entry key="port_object_class" type="xstring" value="org.knime.core.node.BufferedDataTable"/>
<entry key="port_object_summary" type="xstring" value="Rows: 66, Cols: 9"/>
<entry key="port_dir_location" type="xstring" value="port_1"/>
</config>
</config>
<config key="filestores">
<entry key="file_store_location" type="xstring" isnull="true" value=""/>
<entry key="file_store_id" type="xstring" value="42b62300-63df-4798-8195-086f26be76b9"/>
</config>
</config>
