<?xml version="1.0" encoding="UTF-8"?>
<config xmlns="http://www.knime.org/2008/09/XMLConfig" xmlns:xsi="http://www.w3.org/2001/XMLSchema-instance" xsi:schemaLocation="http://www.knime.org/2008/09/XMLConfig http://www.knime.org/XMLConfig_2008_09.xsd" key="settings.xml">
<entry key="name" type="xstring" value="XLS Writer"/>
<config key="model">
<entry key="xCellOffset" type="xint" value="0"/>
<entry key="yCellOffset" type="xint" value="0"/>
<entry key="writeColHdr" type="xboolean" value="true"/>
<entry key="writeRowHdr" type="xboolean" value="true"/>
<entry key="filename" type="xstring" value="R:\Data\150105_Cell_cycle\fixed-results\KNIMEout_fucci_score.xls"/>
<entry key="sheetname" type="xstring" isnull="true" value=""/>
<entry key="missingPattern" type="xstring" value=""/>
<entry key="overwrite_ok" type="xboolean" value="true"/>
</config>
<entry key="hasContent" type="xboolean" value="true"/>
<entry key="isInactive" type="xboolean" value="false"/>
<config key="ports"/>
<config key="filestores">
<entry key="file_store_location" type="xstring" isnull="true" value=""/>
<entry key="file_store_id" type="xstring" value="10034ec1-469a-42bd-891a-7b53c2d18137"/>
</config>
</config>
