<?xml version="1.0" encoding="UTF-8"?>
<config xmlns="http://www.knime.org/2008/09/XMLConfig" xmlns:xsi="http://www.w3.org/2001/XMLSchema-instance" xsi:schemaLocation="http://www.knime.org/2008/09/XMLConfig http://www.knime.org/XMLConfig_2008_09.xsd" key="settings.xml">
<entry key="name" type="xstring" value="XLS Writer"/>
<config key="model">
<entry key="xCellOffset" type="xint" value="0"/>
<entry key="yCellOffset" type="xint" value="0"/>
<entry key="writeColHdr" type="xboolean" value="true"/>
<entry key="writeRowHdr" type="xboolean" value="true"/>
<entry key="filename" type="xstring" value="\\130.60.211.239\greber\Rodinde Hendrickx\September2015\02092015-FFA-14dpi-stain-10x_Plate_2848\analysis\results.xls"/>
<entry key="sheetname" type="xstring" isnull="true" value=""/>
<entry key="missingPattern" type="xstring" value=""/>
<entry key="overwrite_ok" type="xboolean" value="true"/>
</config>
<entry key="hasContent" type="xboolean" value="true"/>
<entry key="isInactive" type="xboolean" value="false"/>
<config key="ports"/>
<config key="filestores">
<entry key="file_store_location" type="xstring" isnull="true" value=""/>
<entry key="file_store_id" type="xstring" value="69604f9e-d124-4f70-b69d-c1eac14ec496"/>
</config>
</config>
