<?xml version="1.0" encoding="UTF-8"?>
<config xmlns="http://www.knime.org/2008/09/XMLConfig" xmlns:xsi="http://www.w3.org/2001/XMLSchema-instance" xsi:schemaLocation="http://www.knime.org/2008/09/XMLConfig http://www.knime.org/XMLConfig_2008_09.xsd" key="settings.xml">
<entry key="name" type="xstring" value="R View (Local)"/>
<config key="model">
<config key="R_binary_file_Internals">
<entry key="SettingsModelID" type="xstring" value="SMID_string"/>
<entry key="EnabledStatus" type="xboolean" value="false"/>
</config>
<entry key="R_binary_file" type="xstring" value="D:\Artur\Soft\knime_2.5.1\plugins\org.knime.ext.r.bin.win32.x86_2.12.0\R-Inst\bin\i386\R.exe"/>
<config key="R_use_specified_file_Internals">
<entry key="SettingsModelID" type="xstring" value="SMID_boolean"/>
<entry key="EnabledStatus" type="xboolean" value="true"/>
</config>
<entry key="R_use_specified_file" type="xboolean" value="false"/>
<config key="R-arguments_Internals">
<entry key="SettingsModelID" type="xstring" value="SMID_string"/>
<entry key="EnabledStatus" type="xboolean" value="true"/>
</config>
<entry key="R-arguments" type="xstring" value="--vanilla"/>
<config key="R-png-height_Internals">
<entry key="SettingsModelID" type="xstring" value="SMID_integer"/>
<entry key="EnabledStatus" type="xboolean" value="true"/>
</config>
<entry key="R-png-height" type="xint" value="640"/>
<config key="R-png-width_Internals">
<entry key="SettingsModelID" type="xstring" value="SMID_integer"/>
<entry key="EnabledStatus" type="xboolean" value="true"/>
</config>
<entry key="R-png-width" type="xint" value="640"/>
<config key="R-png-resolution_Internals">
<entry key="SettingsModelID" type="xstring" value="SMID_string"/>
<entry key="EnabledStatus" type="xboolean" value="true"/>
</config>
<entry key="R-png-resolution" type="xstring" value="NA"/>
<config key="R-png-pointSize_Internals">
<entry key="SettingsModelID" type="xstring" value="SMID_integer"/>
<entry key="EnabledStatus" type="xboolean" value="true"/>
</config>
<entry key="R-png-pointSize" type="xint" value="12"/>
<config key="R-bg-col_Internals">
<entry key="SettingsModelID" type="xstring" value="SMID_string"/>
<entry key="EnabledStatus" type="xboolean" value="true"/>
</config>
<entry key="R-bg-col" type="xstring" value="#FFFFFF"/>
<entry key="EXPRESSION" type="xstring" value="# data(iris)%%00010# R &lt;- iris%%00010# sunflowerplot(R[1:2], rotate=FALSE, pch='*')%%00010sunflowerplot(R$&quot;Intensity.MeanIntensity.TRITC&quot;)%%00010#, axes = FALSE)%%00010#axis(side = 1, at = c(1,2,3,4,5,6,7,8,9))%%00010#axis(side = 2, las=1, at = c(0.0001, 0.001,0.#0015,0.02,0.025,0.03,0.035,0.04,0.05,0.06,0.0#7,0.08,0.09,0.1,0.15))%%00010#axis(side = 1, at = c(0.0001:0.15))%%00010"/>
<config key="R_View_Internals">
<entry key="SettingsModelID" type="xstring" value="SMID_string"/>
<entry key="EnabledStatus" type="xboolean" value="true"/>
</config>
<entry key="R_View" type="xstring" value="Sunflower Scatter Plot"/>
</config>
<entry key="hasContent" type="xboolean" value="true"/>
<entry key="isInactive" type="xboolean" value="false"/>
<entry key="node_message" type="xstring" value="Some columns are renamed: name=default,columns=[ObjectNumber; Metadata_Well; Intensity_IntegratedIntensity_DAPI; Intensity_MeanIntensity_GFP; Intensity_MeanIntensity_TRITC] &lt;&gt; name=default,columns=[ObjectNumber; Metadata.Well; Intensity.IntegratedIntensity.DAPI; Intensity.MeanIntensity.GFP; Intensity.MeanIntensity.TRITC]"/>
<config key="ports">
<config key="port_1">
<entry key="index" type="xint" value="1"/>
<entry key="port_spec_class" type="xstring" value="org.knime.core.node.port.image.ImagePortObjectSpec"/>
<entry key="port_object_class" type="xstring" value="org.knime.core.node.port.image.ImagePortObject"/>
<entry key="port_object_summary" type="xstring" value="PNG Image 640 x 640 with 7 KB"/>
<entry key="port_spec_location" type="xstring" value="spec/spec.zip"/>
<entry key="port_object_location" type="xstring" value="object/portobject.zip"/>
<entry key="port_dir_location" type="xstring" value="port_1"/>
</config>
</config>
<config key="filestores">
<entry key="file_store_location" type="xstring" isnull="true" value=""/>
<entry key="file_store_id" type="xstring" value="31acc811-45c8-46b7-80a0-010ae4b95687"/>
</config>
</config>
