<?xml version="1.0" encoding="UTF-8"?>
<config xmlns="http://www.knime.org/2008/09/XMLConfig" xmlns:xsi="http://www.w3.org/2001/XMLSchema-instance" xsi:schemaLocation="http://www.knime.org/2008/09/XMLConfig http://www.knime.org/XMLConfig_2008_09.xsd" key="settings.xml">
<entry key="name" type="xstring" value="File Reader"/>
<config key="model">
<entry key="DataURL" type="xstring" value="file:////130.60.211.239/greber/Rodinde%20Hendrickx/September2015/02092015-FFA-14dpi-stain-10x_Plate_2848/analysis/Nuclei.csv"/>
<config key="Delimiters">
<config key="Delim0">
<entry key="pattern" type="xstring" value="%%00010"/>
<entry key="combineMultiple" type="xboolean" value="true"/>
<entry key="includeInToken" type="xboolean" value="false"/>
<entry key="returnAsToken" type="xboolean" value="true"/>
</config>
<config key="Delim1">
<entry key="pattern" type="xstring" value=","/>
<entry key="combineMultiple" type="xboolean" value="false"/>
<entry key="includeInToken" type="xboolean" value="false"/>
<entry key="returnAsToken" type="xboolean" value="false"/>
</config>
</config>
<config key="Quotes">
<config key="Quote0">
<entry key="left" type="xstring" value="&quot;"/>
<entry key="right" type="xstring" value="&quot;"/>
<entry key="EscChar" type="xchar" value="\"/>
<entry key="DontRem" type="xboolean" value="false"/>
</config>
<config key="Quote1">
<entry key="left" type="xstring" value="'"/>
<entry key="right" type="xstring" value="'"/>
<entry key="EscChar" type="xchar" value="\"/>
<entry key="DontRem" type="xboolean" value="false"/>
</config>
</config>
<config key="Comments"/>
<config key="WhiteSpaces">
<entry key="WhiteSpace0" type="xstring" value=" "/>
<entry key="WhiteSpace1" type="xstring" value="%%00009"/>
</config>
<entry key="CombineMultDelims" type="xboolean" value="false"/>
<entry key="SkipFirstLines" type="xlong" value="0"/>
<entry key="TableName" type="xstring" value="Nuclei.csv"/>
<entry key="hasColHdr" type="xboolean" value="true"/>
<entry key="hasRowHdr" type="xboolean" value="false"/>
<entry key="ignoreEmptyLines" type="xboolean" value="true"/>
<entry key="rowPrefix" type="xstring" value="Row"/>
<config key="RowDelims">
<entry key="RDelim0" type="xstring" value="%%00010"/>
<entry key="SkipEmptyLine0" type="xboolean" value="true"/>
</config>
<config key="MissingPatterns"/>
<entry key="globalMissPattern" type="xstring" isnull="true" value=""/>
<entry key="DecimalSeparator" type="xchar" value="."/>
<entry key="ThrousandsSeparator" type="xchar" value="%%00000"/>
<entry key="ignEmtpyTokensAtEOR" type="xboolean" value="false"/>
<entry key="acceptShortLines" type="xboolean" value="false"/>
<entry key="uniquifyRowID" type="xboolean" value="false"/>
<entry key="MaxNumOfRows" type="xlong" value="-1"/>
<entry key="ColNumDetermLine" type="xint" value="-1"/>
<entry key="CharsetName" type="xstring" isnull="true" value=""/>
<entry key="delimsAtEOLuserVal" type="xboolean" value="false"/>
<entry key="numOfColumns" type="xint" value="69"/>
<entry key="PreserveSettings" type="xboolean" value="false"/>
<config key="ColumnProperties">
<config key="0">
<entry key="UserSetValues" type="xboolean" value="false"/>
<entry key="MissValuePattern" type="xstring" isnull="true" value=""/>
<entry key="ReadPossValsFromFile" type="xboolean" value="false"/>
<entry key="SkipThisColumn" type="xboolean" value="false"/>
<entry key="ColumnName" type="xstring" value="ImageNumber"/>
<config key="ColumnClass">
<entry key="cell_class" type="xstring" value="org.knime.core.data.def.IntCell"/>
<entry key="is_null" type="xboolean" value="false"/>
</config>
</config>
<config key="1">
<entry key="UserSetValues" type="xboolean" value="false"/>
<entry key="MissValuePattern" type="xstring" isnull="true" value=""/>
<entry key="ReadPossValsFromFile" type="xboolean" value="false"/>
<entry key="SkipThisColumn" type="xboolean" value="false"/>
<entry key="ColumnName" type="xstring" value="ObjectNumber"/>
<config key="ColumnClass">
<entry key="cell_class" type="xstring" value="org.knime.core.data.def.IntCell"/>
<entry key="is_null" type="xboolean" value="false"/>
</config>
</config>
<config key="2">
<entry key="UserSetValues" type="xboolean" value="false"/>
<entry key="MissValuePattern" type="xstring" value="?"/>
<entry key="ReadPossValsFromFile" type="xboolean" value="false"/>
<entry key="SkipThisColumn" type="xboolean" value="false"/>
<entry key="ColumnName" type="xstring" value="Metadata_ChannelNumber"/>
<config key="ColumnClass">
<entry key="cell_class" type="xstring" value="org.knime.core.data.def.StringCell"/>
<entry key="is_null" type="xboolean" value="false"/>
</config>
</config>
<config key="3">
<entry key="UserSetValues" type="xboolean" value="false"/>
<entry key="MissValuePattern" type="xstring" value="?"/>
<entry key="ReadPossValsFromFile" type="xboolean" value="false"/>
<entry key="SkipThisColumn" type="xboolean" value="false"/>
<entry key="ColumnName" type="xstring" value="Metadata_FileLocation"/>
<config key="ColumnClass">
<entry key="cell_class" type="xstring" value="org.knime.core.data.def.StringCell"/>
<entry key="is_null" type="xboolean" value="false"/>
</config>
</config>
<config key="4">
<entry key="UserSetValues" type="xboolean" value="false"/>
<entry key="MissValuePattern" type="xstring" isnull="true" value=""/>
<entry key="ReadPossValsFromFile" type="xboolean" value="false"/>
<entry key="SkipThisColumn" type="xboolean" value="false"/>
<entry key="ColumnName" type="xstring" value="Metadata_Frame"/>
<config key="ColumnClass">
<entry key="cell_class" type="xstring" value="org.knime.core.data.def.IntCell"/>
<entry key="is_null" type="xboolean" value="false"/>
</config>
</config>
<config key="5">
<entry key="UserSetValues" type="xboolean" value="false"/>
<entry key="MissValuePattern" type="xstring" value="?"/>
<entry key="ReadPossValsFromFile" type="xboolean" value="false"/>
<entry key="SkipThisColumn" type="xboolean" value="false"/>
<entry key="ColumnName" type="xstring" value="Metadata_Plate"/>
<config key="ColumnClass">
<entry key="cell_class" type="xstring" value="org.knime.core.data.def.StringCell"/>
<entry key="is_null" type="xboolean" value="false"/>
</config>
</config>
<config key="6">
<entry key="UserSetValues" type="xboolean" value="false"/>
<entry key="MissValuePattern" type="xstring" isnull="true" value=""/>
<entry key="ReadPossValsFromFile" type="xboolean" value="false"/>
<entry key="SkipThisColumn" type="xboolean" value="false"/>
<entry key="ColumnName" type="xstring" value="Metadata_Series"/>
<config key="ColumnClass">
<entry key="cell_class" type="xstring" value="org.knime.core.data.def.IntCell"/>
<entry key="is_null" type="xboolean" value="false"/>
</config>
</config>
<config key="7">
<entry key="UserSetValues" type="xboolean" value="false"/>
<entry key="MissValuePattern" type="xstring" isnull="true" value=""/>
<entry key="ReadPossValsFromFile" type="xboolean" value="false"/>
<entry key="SkipThisColumn" type="xboolean" value="false"/>
<entry key="ColumnName" type="xstring" value="Metadata_Site"/>
<config key="ColumnClass">
<entry key="cell_class" type="xstring" value="org.knime.core.data.def.IntCell"/>
<entry key="is_null" type="xboolean" value="false"/>
</config>
</config>
<config key="8">
<entry key="UserSetValues" type="xboolean" value="false"/>
<entry key="MissValuePattern" type="xstring" value="?"/>
<entry key="ReadPossValsFromFile" type="xboolean" value="false"/>
<entry key="SkipThisColumn" type="xboolean" value="false"/>
<entry key="ColumnName" type="xstring" value="Metadata_Well"/>
<config key="ColumnClass">
<entry key="cell_class" type="xstring" value="org.knime.core.data.def.StringCell"/>
<entry key="is_null" type="xboolean" value="false"/>
</config>
</config>
<config key="9">
<entry key="UserSetValues" type="xboolean" value="false"/>
<entry key="MissValuePattern" type="xstring" isnull="true" value=""/>
<entry key="ReadPossValsFromFile" type="xboolean" value="false"/>
<entry key="SkipThisColumn" type="xboolean" value="false"/>
<entry key="ColumnName" type="xstring" value="Intensity_IntegratedIntensityEdge_DAPI"/>
<config key="ColumnClass">
<entry key="cell_class" type="xstring" value="org.knime.core.data.def.DoubleCell"/>
<entry key="is_null" type="xboolean" value="false"/>
</config>
</config>
<config key="10">
<entry key="UserSetValues" type="xboolean" value="false"/>
<entry key="MissValuePattern" type="xstring" isnull="true" value=""/>
<entry key="ReadPossValsFromFile" type="xboolean" value="false"/>
<entry key="SkipThisColumn" type="xboolean" value="false"/>
<entry key="ColumnName" type="xstring" value="Intensity_IntegratedIntensityEdge_GFP"/>
<config key="ColumnClass">
<entry key="cell_class" type="xstring" value="org.knime.core.data.def.DoubleCell"/>
<entry key="is_null" type="xboolean" value="false"/>
</config>
</config>
<config key="11">
<entry key="UserSetValues" type="xboolean" value="false"/>
<entry key="MissValuePattern" type="xstring" isnull="true" value=""/>
<entry key="ReadPossValsFromFile" type="xboolean" value="false"/>
<entry key="SkipThisColumn" type="xboolean" value="false"/>
<entry key="ColumnName" type="xstring" value="Intensity_IntegratedIntensityEdge_TRITC"/>
<config key="ColumnClass">
<entry key="cell_class" type="xstring" value="org.knime.core.data.def.DoubleCell"/>
<entry key="is_null" type="xboolean" value="false"/>
</config>
</config>
<config key="12">
<entry key="UserSetValues" type="xboolean" value="false"/>
<entry key="MissValuePattern" type="xstring" isnull="true" value=""/>
<entry key="ReadPossValsFromFile" type="xboolean" value="false"/>
<entry key="SkipThisColumn" type="xboolean" value="false"/>
<entry key="ColumnName" type="xstring" value="Intensity_IntegratedIntensity_DAPI"/>
<config key="ColumnClass">
<entry key="cell_class" type="xstring" value="org.knime.core.data.def.DoubleCell"/>
<entry key="is_null" type="xboolean" value="false"/>
</config>
</config>
<config key="13">
<entry key="UserSetValues" type="xboolean" value="false"/>
<entry key="MissValuePattern" type="xstring" isnull="true" value=""/>
<entry key="ReadPossValsFromFile" type="xboolean" value="false"/>
<entry key="SkipThisColumn" type="xboolean" value="false"/>
<entry key="ColumnName" type="xstring" value="Intensity_IntegratedIntensity_GFP"/>
<config key="ColumnClass">
<entry key="cell_class" type="xstring" value="org.knime.core.data.def.DoubleCell"/>
<entry key="is_null" type="xboolean" value="false"/>
</config>
</config>
<config key="14">
<entry key="UserSetValues" type="xboolean" value="false"/>
<entry key="MissValuePattern" type="xstring" isnull="true" value=""/>
<entry key="ReadPossValsFromFile" type="xboolean" value="false"/>
<entry key="SkipThisColumn" type="xboolean" value="false"/>
<entry key="ColumnName" type="xstring" value="Intensity_IntegratedIntensity_TRITC"/>
<config key="ColumnClass">
<entry key="cell_class" type="xstring" value="org.knime.core.data.def.DoubleCell"/>
<entry key="is_null" type="xboolean" value="false"/>
</config>
</config>
<config key="15">
<entry key="UserSetValues" type="xboolean" value="false"/>
<entry key="MissValuePattern" type="xstring" isnull="true" value=""/>
<entry key="ReadPossValsFromFile" type="xboolean" value="false"/>
<entry key="SkipThisColumn" type="xboolean" value="false"/>
<entry key="ColumnName" type="xstring" value="Intensity_LowerQuartileIntensity_DAPI"/>
<config key="ColumnClass">
<entry key="cell_class" type="xstring" value="org.knime.core.data.def.DoubleCell"/>
<entry key="is_null" type="xboolean" value="false"/>
</config>
</config>
<config key="16">
<entry key="UserSetValues" type="xboolean" value="false"/>
<entry key="MissValuePattern" type="xstring" isnull="true" value=""/>
<entry key="ReadPossValsFromFile" type="xboolean" value="false"/>
<entry key="SkipThisColumn" type="xboolean" value="false"/>
<entry key="ColumnName" type="xstring" value="Intensity_LowerQuartileIntensity_GFP"/>
<config key="ColumnClass">
<entry key="cell_class" type="xstring" value="org.knime.core.data.def.DoubleCell"/>
<entry key="is_null" type="xboolean" value="false"/>
</config>
</config>
<config key="17">
<entry key="UserSetValues" type="xboolean" value="false"/>
<entry key="MissValuePattern" type="xstring" isnull="true" value=""/>
<entry key="ReadPossValsFromFile" type="xboolean" value="false"/>
<entry key="SkipThisColumn" type="xboolean" value="false"/>
<entry key="ColumnName" type="xstring" value="Intensity_LowerQuartileIntensity_TRITC"/>
<config key="ColumnClass">
<entry key="cell_class" type="xstring" value="org.knime.core.data.def.DoubleCell"/>
<entry key="is_null" type="xboolean" value="false"/>
</config>
</config>
<config key="18">
<entry key="UserSetValues" type="xboolean" value="false"/>
<entry key="MissValuePattern" type="xstring" isnull="true" value=""/>
<entry key="ReadPossValsFromFile" type="xboolean" value="false"/>
<entry key="SkipThisColumn" type="xboolean" value="false"/>
<entry key="ColumnName" type="xstring" value="Intensity_MADIntensity_DAPI"/>
<config key="ColumnClass">
<entry key="cell_class" type="xstring" value="org.knime.core.data.def.DoubleCell"/>
<entry key="is_null" type="xboolean" value="false"/>
</config>
</config>
<config key="19">
<entry key="UserSetValues" type="xboolean" value="false"/>
<entry key="MissValuePattern" type="xstring" isnull="true" value=""/>
<entry key="ReadPossValsFromFile" type="xboolean" value="false"/>
<entry key="SkipThisColumn" type="xboolean" value="false"/>
<entry key="ColumnName" type="xstring" value="Intensity_MADIntensity_GFP"/>
<config key="ColumnClass">
<entry key="cell_class" type="xstring" value="org.knime.core.data.def.DoubleCell"/>
<entry key="is_null" type="xboolean" value="false"/>
</config>
</config>
<config key="20">
<entry key="UserSetValues" type="xboolean" value="false"/>
<entry key="MissValuePattern" type="xstring" isnull="true" value=""/>
<entry key="ReadPossValsFromFile" type="xboolean" value="false"/>
<entry key="SkipThisColumn" type="xboolean" value="false"/>
<entry key="ColumnName" type="xstring" value="Intensity_MADIntensity_TRITC"/>
<config key="ColumnClass">
<entry key="cell_class" type="xstring" value="org.knime.core.data.def.DoubleCell"/>
<entry key="is_null" type="xboolean" value="false"/>
</config>
</config>
<config key="21">
<entry key="UserSetValues" type="xboolean" value="false"/>
<entry key="MissValuePattern" type="xstring" isnull="true" value=""/>
<entry key="ReadPossValsFromFile" type="xboolean" value="false"/>
<entry key="SkipThisColumn" type="xboolean" value="false"/>
<entry key="ColumnName" type="xstring" value="Intensity_MassDisplacement_DAPI"/>
<config key="ColumnClass">
<entry key="cell_class" type="xstring" value="org.knime.core.data.def.DoubleCell"/>
<entry key="is_null" type="xboolean" value="false"/>
</config>
</config>
<config key="22">
<entry key="UserSetValues" type="xboolean" value="false"/>
<entry key="MissValuePattern" type="xstring" isnull="true" value=""/>
<entry key="ReadPossValsFromFile" type="xboolean" value="false"/>
<entry key="SkipThisColumn" type="xboolean" value="false"/>
<entry key="ColumnName" type="xstring" value="Intensity_MassDisplacement_GFP"/>
<config key="ColumnClass">
<entry key="cell_class" type="xstring" value="org.knime.core.data.def.DoubleCell"/>
<entry key="is_null" type="xboolean" value="false"/>
</config>
</config>
<config key="23">
<entry key="UserSetValues" type="xboolean" value="false"/>
<entry key="MissValuePattern" type="xstring" isnull="true" value=""/>
<entry key="ReadPossValsFromFile" type="xboolean" value="false"/>
<entry key="SkipThisColumn" type="xboolean" value="false"/>
<entry key="ColumnName" type="xstring" value="Intensity_MassDisplacement_TRITC"/>
<config key="ColumnClass">
<entry key="cell_class" type="xstring" value="org.knime.core.data.def.DoubleCell"/>
<entry key="is_null" type="xboolean" value="false"/>
</config>
</config>
<config key="24">
<entry key="UserSetValues" type="xboolean" value="false"/>
<entry key="MissValuePattern" type="xstring" isnull="true" value=""/>
<entry key="ReadPossValsFromFile" type="xboolean" value="false"/>
<entry key="SkipThisColumn" type="xboolean" value="false"/>
<entry key="ColumnName" type="xstring" value="Intensity_MaxIntensityEdge_DAPI"/>
<config key="ColumnClass">
<entry key="cell_class" type="xstring" value="org.knime.core.data.def.DoubleCell"/>
<entry key="is_null" type="xboolean" value="false"/>
</config>
</config>
<config key="25">
<entry key="UserSetValues" type="xboolean" value="false"/>
<entry key="MissValuePattern" type="xstring" isnull="true" value=""/>
<entry key="ReadPossValsFromFile" type="xboolean" value="false"/>
<entry key="SkipThisColumn" type="xboolean" value="false"/>
<entry key="ColumnName" type="xstring" value="Intensity_MaxIntensityEdge_GFP"/>
<config key="ColumnClass">
<entry key="cell_class" type="xstring" value="org.knime.core.data.def.DoubleCell"/>
<entry key="is_null" type="xboolean" value="false"/>
</config>
</config>
<config key="26">
<entry key="UserSetValues" type="xboolean" value="false"/>
<entry key="MissValuePattern" type="xstring" isnull="true" value=""/>
<entry key="ReadPossValsFromFile" type="xboolean" value="false"/>
<entry key="SkipThisColumn" type="xboolean" value="false"/>
<entry key="ColumnName" type="xstring" value="Intensity_MaxIntensityEdge_TRITC"/>
<config key="ColumnClass">
<entry key="cell_class" type="xstring" value="org.knime.core.data.def.DoubleCell"/>
<entry key="is_null" type="xboolean" value="false"/>
</config>
</config>
<config key="27">
<entry key="UserSetValues" type="xboolean" value="false"/>
<entry key="MissValuePattern" type="xstring" isnull="true" value=""/>
<entry key="ReadPossValsFromFile" type="xboolean" value="false"/>
<entry key="SkipThisColumn" type="xboolean" value="false"/>
<entry key="ColumnName" type="xstring" value="Intensity_MaxIntensity_DAPI"/>
<config key="ColumnClass">
<entry key="cell_class" type="xstring" value="org.knime.core.data.def.DoubleCell"/>
<entry key="is_null" type="xboolean" value="false"/>
</config>
</config>
<config key="28">
<entry key="UserSetValues" type="xboolean" value="false"/>
<entry key="MissValuePattern" type="xstring" isnull="true" value=""/>
<entry key="ReadPossValsFromFile" type="xboolean" value="false"/>
<entry key="SkipThisColumn" type="xboolean" value="false"/>
<entry key="ColumnName" type="xstring" value="Intensity_MaxIntensity_GFP"/>
<config key="ColumnClass">
<entry key="cell_class" type="xstring" value="org.knime.core.data.def.DoubleCell"/>
<entry key="is_null" type="xboolean" value="false"/>
</config>
</config>
<config key="29">
<entry key="UserSetValues" type="xboolean" value="false"/>
<entry key="MissValuePattern" type="xstring" isnull="true" value=""/>
<entry key="ReadPossValsFromFile" type="xboolean" value="false"/>
<entry key="SkipThisColumn" type="xboolean" value="false"/>
<entry key="ColumnName" type="xstring" value="Intensity_MaxIntensity_TRITC"/>
<config key="ColumnClass">
<entry key="cell_class" type="xstring" value="org.knime.core.data.def.DoubleCell"/>
<entry key="is_null" type="xboolean" value="false"/>
</config>
</config>
<config key="30">
<entry key="UserSetValues" type="xboolean" value="false"/>
<entry key="MissValuePattern" type="xstring" isnull="true" value=""/>
<entry key="ReadPossValsFromFile" type="xboolean" value="false"/>
<entry key="SkipThisColumn" type="xboolean" value="false"/>
<entry key="ColumnName" type="xstring" value="Intensity_MeanIntensityEdge_DAPI"/>
<config key="ColumnClass">
<entry key="cell_class" type="xstring" value="org.knime.core.data.def.DoubleCell"/>
<entry key="is_null" type="xboolean" value="false"/>
</config>
</config>
<config key="31">
<entry key="UserSetValues" type="xboolean" value="false"/>
<entry key="MissValuePattern" type="xstring" isnull="true" value=""/>
<entry key="ReadPossValsFromFile" type="xboolean" value="false"/>
<entry key="SkipThisColumn" type="xboolean" value="false"/>
<entry key="ColumnName" type="xstring" value="Intensity_MeanIntensityEdge_GFP"/>
<config key="ColumnClass">
<entry key="cell_class" type="xstring" value="org.knime.core.data.def.DoubleCell"/>
<entry key="is_null" type="xboolean" value="false"/>
</config>
</config>
<config key="32">
<entry key="UserSetValues" type="xboolean" value="false"/>
<entry key="MissValuePattern" type="xstring" isnull="true" value=""/>
<entry key="ReadPossValsFromFile" type="xboolean" value="false"/>
<entry key="SkipThisColumn" type="xboolean" value="false"/>
<entry key="ColumnName" type="xstring" value="Intensity_MeanIntensityEdge_TRITC"/>
<config key="ColumnClass">
<entry key="cell_class" type="xstring" value="org.knime.core.data.def.DoubleCell"/>
<entry key="is_null" type="xboolean" value="false"/>
</config>
</config>
<config key="33">
<entry key="UserSetValues" type="xboolean" value="false"/>
<entry key="MissValuePattern" type="xstring" isnull="true" value=""/>
<entry key="ReadPossValsFromFile" type="xboolean" value="false"/>
<entry key="SkipThisColumn" type="xboolean" value="false"/>
<entry key="ColumnName" type="xstring" value="Intensity_MeanIntensity_DAPI"/>
<config key="ColumnClass">
<entry key="cell_class" type="xstring" value="org.knime.core.data.def.DoubleCell"/>
<entry key="is_null" type="xboolean" value="false"/>
</config>
</config>
<config key="34">
<entry key="UserSetValues" type="xboolean" value="false"/>
<entry key="MissValuePattern" type="xstring" isnull="true" value=""/>
<entry key="ReadPossValsFromFile" type="xboolean" value="false"/>
<entry key="SkipThisColumn" type="xboolean" value="false"/>
<entry key="ColumnName" type="xstring" value="Intensity_MeanIntensity_GFP"/>
<config key="ColumnClass">
<entry key="cell_class" type="xstring" value="org.knime.core.data.def.DoubleCell"/>
<entry key="is_null" type="xboolean" value="false"/>
</config>
</config>
<config key="35">
<entry key="UserSetValues" type="xboolean" value="false"/>
<entry key="MissValuePattern" type="xstring" isnull="true" value=""/>
<entry key="ReadPossValsFromFile" type="xboolean" value="false"/>
<entry key="SkipThisColumn" type="xboolean" value="false"/>
<entry key="ColumnName" type="xstring" value="Intensity_MeanIntensity_TRITC"/>
<config key="ColumnClass">
<entry key="cell_class" type="xstring" value="org.knime.core.data.def.DoubleCell"/>
<entry key="is_null" type="xboolean" value="false"/>
</config>
</config>
<config key="36">
<entry key="UserSetValues" type="xboolean" value="false"/>
<entry key="MissValuePattern" type="xstring" isnull="true" value=""/>
<entry key="ReadPossValsFromFile" type="xboolean" value="false"/>
<entry key="SkipThisColumn" type="xboolean" value="false"/>
<entry key="ColumnName" type="xstring" value="Intensity_MedianIntensity_DAPI"/>
<config key="ColumnClass">
<entry key="cell_class" type="xstring" value="org.knime.core.data.def.DoubleCell"/>
<entry key="is_null" type="xboolean" value="false"/>
</config>
</config>
<config key="37">
<entry key="UserSetValues" type="xboolean" value="false"/>
<entry key="MissValuePattern" type="xstring" isnull="true" value=""/>
<entry key="ReadPossValsFromFile" type="xboolean" value="false"/>
<entry key="SkipThisColumn" type="xboolean" value="false"/>
<entry key="ColumnName" type="xstring" value="Intensity_MedianIntensity_GFP"/>
<config key="ColumnClass">
<entry key="cell_class" type="xstring" value="org.knime.core.data.def.DoubleCell"/>
<entry key="is_null" type="xboolean" value="false"/>
</config>
</config>
<config key="38">
<entry key="UserSetValues" type="xboolean" value="false"/>
<entry key="MissValuePattern" type="xstring" isnull="true" value=""/>
<entry key="ReadPossValsFromFile" type="xboolean" value="false"/>
<entry key="SkipThisColumn" type="xboolean" value="false"/>
<entry key="ColumnName" type="xstring" value="Intensity_MedianIntensity_TRITC"/>
<config key="ColumnClass">
<entry key="cell_class" type="xstring" value="org.knime.core.data.def.DoubleCell"/>
<entry key="is_null" type="xboolean" value="false"/>
</config>
</config>
<config key="39">
<entry key="UserSetValues" type="xboolean" value="false"/>
<entry key="MissValuePattern" type="xstring" isnull="true" value=""/>
<entry key="ReadPossValsFromFile" type="xboolean" value="false"/>
<entry key="SkipThisColumn" type="xboolean" value="false"/>
<entry key="ColumnName" type="xstring" value="Intensity_MinIntensityEdge_DAPI"/>
<config key="ColumnClass">
<entry key="cell_class" type="xstring" value="org.knime.core.data.def.DoubleCell"/>
<entry key="is_null" type="xboolean" value="false"/>
</config>
</config>
<config key="40">
<entry key="UserSetValues" type="xboolean" value="false"/>
<entry key="MissValuePattern" type="xstring" isnull="true" value=""/>
<entry key="ReadPossValsFromFile" type="xboolean" value="false"/>
<entry key="SkipThisColumn" type="xboolean" value="false"/>
<entry key="ColumnName" type="xstring" value="Intensity_MinIntensityEdge_GFP"/>
<config key="ColumnClass">
<entry key="cell_class" type="xstring" value="org.knime.core.data.def.DoubleCell"/>
<entry key="is_null" type="xboolean" value="false"/>
</config>
</config>
<config key="41">
<entry key="UserSetValues" type="xboolean" value="false"/>
<entry key="MissValuePattern" type="xstring" isnull="true" value=""/>
<entry key="ReadPossValsFromFile" type="xboolean" value="false"/>
<entry key="SkipThisColumn" type="xboolean" value="false"/>
<entry key="ColumnName" type="xstring" value="Intensity_MinIntensityEdge_TRITC"/>
<config key="ColumnClass">
<entry key="cell_class" type="xstring" value="org.knime.core.data.def.DoubleCell"/>
<entry key="is_null" type="xboolean" value="false"/>
</config>
</config>
<config key="42">
<entry key="UserSetValues" type="xboolean" value="false"/>
<entry key="MissValuePattern" type="xstring" isnull="true" value=""/>
<entry key="ReadPossValsFromFile" type="xboolean" value="false"/>
<entry key="SkipThisColumn" type="xboolean" value="false"/>
<entry key="ColumnName" type="xstring" value="Intensity_MinIntensity_DAPI"/>
<config key="ColumnClass">
<entry key="cell_class" type="xstring" value="org.knime.core.data.def.DoubleCell"/>
<entry key="is_null" type="xboolean" value="false"/>
</config>
</config>
<config key="43">
<entry key="UserSetValues" type="xboolean" value="false"/>
<entry key="MissValuePattern" type="xstring" isnull="true" value=""/>
<entry key="ReadPossValsFromFile" type="xboolean" value="false"/>
<entry key="SkipThisColumn" type="xboolean" value="false"/>
<entry key="ColumnName" type="xstring" value="Intensity_MinIntensity_GFP"/>
<config key="ColumnClass">
<entry key="cell_class" type="xstring" value="org.knime.core.data.def.DoubleCell"/>
<entry key="is_null" type="xboolean" value="false"/>
</config>
</config>
<config key="44">
<entry key="UserSetValues" type="xboolean" value="false"/>
<entry key="MissValuePattern" type="xstring" isnull="true" value=""/>
<entry key="ReadPossValsFromFile" type="xboolean" value="false"/>
<entry key="SkipThisColumn" type="xboolean" value="false"/>
<entry key="ColumnName" type="xstring" value="Intensity_MinIntensity_TRITC"/>
<config key="ColumnClass">
<entry key="cell_class" type="xstring" value="org.knime.core.data.def.DoubleCell"/>
<entry key="is_null" type="xboolean" value="false"/>
</config>
</config>
<config key="45">
<entry key="UserSetValues" type="xboolean" value="false"/>
<entry key="MissValuePattern" type="xstring" isnull="true" value=""/>
<entry key="ReadPossValsFromFile" type="xboolean" value="false"/>
<entry key="SkipThisColumn" type="xboolean" value="false"/>
<entry key="ColumnName" type="xstring" value="Intensity_StdIntensityEdge_DAPI"/>
<config key="ColumnClass">
<entry key="cell_class" type="xstring" value="org.knime.core.data.def.DoubleCell"/>
<entry key="is_null" type="xboolean" value="false"/>
</config>
</config>
<config key="46">
<entry key="UserSetValues" type="xboolean" value="false"/>
<entry key="MissValuePattern" type="xstring" isnull="true" value=""/>
<entry key="ReadPossValsFromFile" type="xboolean" value="false"/>
<entry key="SkipThisColumn" type="xboolean" value="false"/>
<entry key="ColumnName" type="xstring" value="Intensity_StdIntensityEdge_GFP"/>
<config key="ColumnClass">
<entry key="cell_class" type="xstring" value="org.knime.core.data.def.DoubleCell"/>
<entry key="is_null" type="xboolean" value="false"/>
</config>
</config>
<config key="47">
<entry key="UserSetValues" type="xboolean" value="false"/>
<entry key="MissValuePattern" type="xstring" isnull="true" value=""/>
<entry key="ReadPossValsFromFile" type="xboolean" value="false"/>
<entry key="SkipThisColumn" type="xboolean" value="false"/>
<entry key="ColumnName" type="xstring" value="Intensity_StdIntensityEdge_TRITC"/>
<config key="ColumnClass">
<entry key="cell_class" type="xstring" value="org.knime.core.data.def.DoubleCell"/>
<entry key="is_null" type="xboolean" value="false"/>
</config>
</config>
<config key="48">
<entry key="UserSetValues" type="xboolean" value="false"/>
<entry key="MissValuePattern" type="xstring" isnull="true" value=""/>
<entry key="ReadPossValsFromFile" type="xboolean" value="false"/>
<entry key="SkipThisColumn" type="xboolean" value="false"/>
<entry key="ColumnName" type="xstring" value="Intensity_StdIntensity_DAPI"/>
<config key="ColumnClass">
<entry key="cell_class" type="xstring" value="org.knime.core.data.def.DoubleCell"/>
<entry key="is_null" type="xboolean" value="false"/>
</config>
</config>
<config key="49">
<entry key="UserSetValues" type="xboolean" value="false"/>
<entry key="MissValuePattern" type="xstring" isnull="true" value=""/>
<entry key="ReadPossValsFromFile" type="xboolean" value="false"/>
<entry key="SkipThisColumn" type="xboolean" value="false"/>
<entry key="ColumnName" type="xstring" value="Intensity_StdIntensity_GFP"/>
<config key="ColumnClass">
<entry key="cell_class" type="xstring" value="org.knime.core.data.def.DoubleCell"/>
<entry key="is_null" type="xboolean" value="false"/>
</config>
</config>
<config key="50">
<entry key="UserSetValues" type="xboolean" value="false"/>
<entry key="MissValuePattern" type="xstring" isnull="true" value=""/>
<entry key="ReadPossValsFromFile" type="xboolean" value="false"/>
<entry key="SkipThisColumn" type="xboolean" value="false"/>
<entry key="ColumnName" type="xstring" value="Intensity_StdIntensity_TRITC"/>
<config key="ColumnClass">
<entry key="cell_class" type="xstring" value="org.knime.core.data.def.DoubleCell"/>
<entry key="is_null" type="xboolean" value="false"/>
</config>
</config>
<config key="51">
<entry key="UserSetValues" type="xboolean" value="false"/>
<entry key="MissValuePattern" type="xstring" isnull="true" value=""/>
<entry key="ReadPossValsFromFile" type="xboolean" value="false"/>
<entry key="SkipThisColumn" type="xboolean" value="false"/>
<entry key="ColumnName" type="xstring" value="Intensity_UpperQuartileIntensity_DAPI"/>
<config key="ColumnClass">
<entry key="cell_class" type="xstring" value="org.knime.core.data.def.DoubleCell"/>
<entry key="is_null" type="xboolean" value="false"/>
</config>
</config>
<config key="52">
<entry key="UserSetValues" type="xboolean" value="false"/>
<entry key="MissValuePattern" type="xstring" isnull="true" value=""/>
<entry key="ReadPossValsFromFile" type="xboolean" value="false"/>
<entry key="SkipThisColumn" type="xboolean" value="false"/>
<entry key="ColumnName" type="xstring" value="Intensity_UpperQuartileIntensity_GFP"/>
<config key="ColumnClass">
<entry key="cell_class" type="xstring" value="org.knime.core.data.def.DoubleCell"/>
<entry key="is_null" type="xboolean" value="false"/>
</config>
</config>
<config key="53">
<entry key="UserSetValues" type="xboolean" value="false"/>
<entry key="MissValuePattern" type="xstring" isnull="true" value=""/>
<entry key="ReadPossValsFromFile" type="xboolean" value="false"/>
<entry key="SkipThisColumn" type="xboolean" value="false"/>
<entry key="ColumnName" type="xstring" value="Intensity_UpperQuartileIntensity_TRITC"/>
<config key="ColumnClass">
<entry key="cell_class" type="xstring" value="org.knime.core.data.def.DoubleCell"/>
<entry key="is_null" type="xboolean" value="false"/>
</config>
</config>
<config key="54">
<entry key="UserSetValues" type="xboolean" value="false"/>
<entry key="MissValuePattern" type="xstring" isnull="true" value=""/>
<entry key="ReadPossValsFromFile" type="xboolean" value="false"/>
<entry key="SkipThisColumn" type="xboolean" value="false"/>
<entry key="ColumnName" type="xstring" value="Location_CenterMassIntensity_X_DAPI"/>
<config key="ColumnClass">
<entry key="cell_class" type="xstring" value="org.knime.core.data.def.DoubleCell"/>
<entry key="is_null" type="xboolean" value="false"/>
</config>
</config>
<config key="55">
<entry key="UserSetValues" type="xboolean" value="false"/>
<entry key="MissValuePattern" type="xstring" isnull="true" value=""/>
<entry key="ReadPossValsFromFile" type="xboolean" value="false"/>
<entry key="SkipThisColumn" type="xboolean" value="false"/>
<entry key="ColumnName" type="xstring" value="Location_CenterMassIntensity_X_GFP"/>
<config key="ColumnClass">
<entry key="cell_class" type="xstring" value="org.knime.core.data.def.DoubleCell"/>
<entry key="is_null" type="xboolean" value="false"/>
</config>
</config>
<config key="56">
<entry key="UserSetValues" type="xboolean" value="false"/>
<entry key="MissValuePattern" type="xstring" isnull="true" value=""/>
<entry key="ReadPossValsFromFile" type="xboolean" value="false"/>
<entry key="SkipThisColumn" type="xboolean" value="false"/>
<entry key="ColumnName" type="xstring" value="Location_CenterMassIntensity_X_TRITC"/>
<config key="ColumnClass">
<entry key="cell_class" type="xstring" value="org.knime.core.data.def.DoubleCell"/>
<entry key="is_null" type="xboolean" value="false"/>
</config>
</config>
<config key="57">
<entry key="UserSetValues" type="xboolean" value="false"/>
<entry key="MissValuePattern" type="xstring" isnull="true" value=""/>
<entry key="ReadPossValsFromFile" type="xboolean" value="false"/>
<entry key="SkipThisColumn" type="xboolean" value="false"/>
<entry key="ColumnName" type="xstring" value="Location_CenterMassIntensity_Y_DAPI"/>
<config key="ColumnClass">
<entry key="cell_class" type="xstring" value="org.knime.core.data.def.DoubleCell"/>
<entry key="is_null" type="xboolean" value="false"/>
</config>
</config>
<config key="58">
<entry key="UserSetValues" type="xboolean" value="false"/>
<entry key="MissValuePattern" type="xstring" isnull="true" value=""/>
<entry key="ReadPossValsFromFile" type="xboolean" value="false"/>
<entry key="SkipThisColumn" type="xboolean" value="false"/>
<entry key="ColumnName" type="xstring" value="Location_CenterMassIntensity_Y_GFP"/>
<config key="ColumnClass">
<entry key="cell_class" type="xstring" value="org.knime.core.data.def.DoubleCell"/>
<entry key="is_null" type="xboolean" value="false"/>
</config>
</config>
<config key="59">
<entry key="UserSetValues" type="xboolean" value="false"/>
<entry key="MissValuePattern" type="xstring" isnull="true" value=""/>
<entry key="ReadPossValsFromFile" type="xboolean" value="false"/>
<entry key="SkipThisColumn" type="xboolean" value="false"/>
<entry key="ColumnName" type="xstring" value="Location_CenterMassIntensity_Y_TRITC"/>
<config key="ColumnClass">
<entry key="cell_class" type="xstring" value="org.knime.core.data.def.DoubleCell"/>
<entry key="is_null" type="xboolean" value="false"/>
</config>
</config>
<config key="60">
<entry key="UserSetValues" type="xboolean" value="false"/>
<entry key="MissValuePattern" type="xstring" isnull="true" value=""/>
<entry key="ReadPossValsFromFile" type="xboolean" value="false"/>
<entry key="SkipThisColumn" type="xboolean" value="false"/>
<entry key="ColumnName" type="xstring" value="Location_Center_X"/>
<config key="ColumnClass">
<entry key="cell_class" type="xstring" value="org.knime.core.data.def.DoubleCell"/>
<entry key="is_null" type="xboolean" value="false"/>
</config>
</config>
<config key="61">
<entry key="UserSetValues" type="xboolean" value="false"/>
<entry key="MissValuePattern" type="xstring" isnull="true" value=""/>
<entry key="ReadPossValsFromFile" type="xboolean" value="false"/>
<entry key="SkipThisColumn" type="xboolean" value="false"/>
<entry key="ColumnName" type="xstring" value="Location_Center_Y"/>
<config key="ColumnClass">
<entry key="cell_class" type="xstring" value="org.knime.core.data.def.DoubleCell"/>
<entry key="is_null" type="xboolean" value="false"/>
</config>
</config>
<config key="62">
<entry key="UserSetValues" type="xboolean" value="false"/>
<entry key="MissValuePattern" type="xstring" isnull="true" value=""/>
<entry key="ReadPossValsFromFile" type="xboolean" value="false"/>
<entry key="SkipThisColumn" type="xboolean" value="false"/>
<entry key="ColumnName" type="xstring" value="Location_MaxIntensity_X_DAPI"/>
<config key="ColumnClass">
<entry key="cell_class" type="xstring" value="org.knime.core.data.def.DoubleCell"/>
<entry key="is_null" type="xboolean" value="false"/>
</config>
</config>
<config key="63">
<entry key="UserSetValues" type="xboolean" value="false"/>
<entry key="MissValuePattern" type="xstring" isnull="true" value=""/>
<entry key="ReadPossValsFromFile" type="xboolean" value="false"/>
<entry key="SkipThisColumn" type="xboolean" value="false"/>
<entry key="ColumnName" type="xstring" value="Location_MaxIntensity_X_GFP"/>
<config key="ColumnClass">
<entry key="cell_class" type="xstring" value="org.knime.core.data.def.DoubleCell"/>
<entry key="is_null" type="xboolean" value="false"/>
</config>
</config>
<config key="64">
<entry key="UserSetValues" type="xboolean" value="false"/>
<entry key="MissValuePattern" type="xstring" isnull="true" value=""/>
<entry key="ReadPossValsFromFile" type="xboolean" value="false"/>
<entry key="SkipThisColumn" type="xboolean" value="false"/>
<entry key="ColumnName" type="xstring" value="Location_MaxIntensity_X_TRITC"/>
<config key="ColumnClass">
<entry key="cell_class" type="xstring" value="org.knime.core.data.def.DoubleCell"/>
<entry key="is_null" type="xboolean" value="false"/>
</config>
</config>
<config key="65">
<entry key="UserSetValues" type="xboolean" value="false"/>
<entry key="MissValuePattern" type="xstring" isnull="true" value=""/>
<entry key="ReadPossValsFromFile" type="xboolean" value="false"/>
<entry key="SkipThisColumn" type="xboolean" value="false"/>
<entry key="ColumnName" type="xstring" value="Location_MaxIntensity_Y_DAPI"/>
<config key="ColumnClass">
<entry key="cell_class" type="xstring" value="org.knime.core.data.def.DoubleCell"/>
<entry key="is_null" type="xboolean" value="false"/>
</config>
</config>
<config key="66">
<entry key="UserSetValues" type="xboolean" value="false"/>
<entry key="MissValuePattern" type="xstring" isnull="true" value=""/>
<entry key="ReadPossValsFromFile" type="xboolean" value="false"/>
<entry key="SkipThisColumn" type="xboolean" value="false"/>
<entry key="ColumnName" type="xstring" value="Location_MaxIntensity_Y_GFP"/>
<config key="ColumnClass">
<entry key="cell_class" type="xstring" value="org.knime.core.data.def.DoubleCell"/>
<entry key="is_null" type="xboolean" value="false"/>
</config>
</config>
<config key="67">
<entry key="UserSetValues" type="xboolean" value="false"/>
<entry key="MissValuePattern" type="xstring" isnull="true" value=""/>
<entry key="ReadPossValsFromFile" type="xboolean" value="false"/>
<entry key="SkipThisColumn" type="xboolean" value="false"/>
<entry key="ColumnName" type="xstring" value="Location_MaxIntensity_Y_TRITC"/>
<config key="ColumnClass">
<entry key="cell_class" type="xstring" value="org.knime.core.data.def.DoubleCell"/>
<entry key="is_null" type="xboolean" value="false"/>
</config>
</config>
<config key="68">
<entry key="UserSetValues" type="xboolean" value="false"/>
<entry key="MissValuePattern" type="xstring" isnull="true" value=""/>
<entry key="ReadPossValsFromFile" type="xboolean" value="false"/>
<entry key="SkipThisColumn" type="xboolean" value="false"/>
<entry key="ColumnName" type="xstring" value="Number_Object_Number"/>
<config key="ColumnClass">
<entry key="cell_class" type="xstring" value="org.knime.core.data.def.IntCell"/>
<entry key="is_null" type="xboolean" value="false"/>
</config>
</config>
</config>
</config>
<entry key="hasContent" type="xboolean" value="true"/>
<entry key="isInactive" type="xboolean" value="false"/>
<config key="ports">
<config key="port_1">
<entry key="index" type="xint" value="1"/>
<entry key="port_spec_class" type="xstring" value="org.knime.core.data.DataTableSpec"/>
<entry key="port_object_class" type="xstring" value="org.knime.core.node.BufferedDataTable"/>
<entry key="port_object_summary" type="xstring" value="Rows: 905134, Cols: 69"/>
<entry key="port_dir_location" type="xstring" value="port_1"/>
</config>
</config>
<config key="filestores">
<entry key="file_store_location" type="xstring" isnull="true" value=""/>
<entry key="file_store_id" type="xstring" value="ae21c918-cdac-4c05-b078-e198633f4b9f"/>
</config>
</config>
