<?xml version="1.0" encoding="UTF-8"?>
<config xmlns="http://www.knime.org/2008/09/XMLConfig" xmlns:xsi="http://www.w3.org/2001/XMLSchema-instance" xsi:schemaLocation="http://www.knime.org/2008/09/XMLConfig http://www.knime.org/XMLConfig_2008_09.xsd" key="settings.xml">
<entry key="name" type="xstring" value="Math Formula"/>
<config key="model">
<entry key="expression" type="xstring" value="($Intensity_MeanIntensity_TRITC$ - COL_MIN($Intensity_MeanIntensity_TRITC$))/(COL_MAX($Intensity_MeanIntensity_TRITC$) - COL_MIN($Intensity_MeanIntensity_TRITC$))"/>
<entry key="replaced_column" type="xstring" value="Intensity_MeanIntensity_TRITC"/>
<entry key="append_column" type="xboolean" value="true"/>
</config>
<entry key="hasContent" type="xboolean" value="true"/>
<entry key="isInactive" type="xboolean" value="false"/>
<config key="ports">
<config key="port_1">
<entry key="index" type="xint" value="1"/>
<entry key="port_spec_class" type="xstring" value="org.knime.core.data.DataTableSpec"/>
<entry key="port_object_class" type="xstring" value="org.knime.core.node.BufferedDataTable"/>
<entry key="port_object_summary" type="xstring" value="Rows: 451829, Cols: 5"/>
<entry key="port_dir_location" type="xstring" value="port_1"/>
</config>
</config>
<config key="filestores">
<entry key="file_store_location" type="xstring" isnull="true" value=""/>
<entry key="file_store_id" type="xstring" value="034193b6-15f7-4f6e-bb74-f28b1037fd86"/>
</config>
</config>
