<?xml version="1.0" encoding="UTF-8"?>
<config xmlns="http://www.knime.org/2008/09/XMLConfig" xmlns:xsi="http://www.w3.org/2001/XMLSchema-instance" xsi:schemaLocation="http://www.knime.org/2008/09/XMLConfig http://www.knime.org/XMLConfig_2008_09.xsd" key="settings.xml">
<entry key="name" type="xstring" value="XLS Writer"/>
<config key="model">
<entry key="xCellOffset" type="xint" value="0"/>
<entry key="yCellOffset" type="xint" value="0"/>
<entry key="writeColHdr" type="xboolean" value="true"/>
<entry key="writeRowHdr" type="xboolean" value="true"/>
<entry key="filename" type="xstring" value="R:\Data\131015-H42-H48-Timelapse-Puls-Titration_Plate_184\H42_d6_KnimeOut.xls"/>
<entry key="sheetname" type="xstring" isnull="true" value=""/>
<entry key="missingPattern" type="xstring" value=""/>
<entry key="overwrite_ok" type="xboolean" value="true"/>
</config>
<entry key="hasContent" type="xboolean" value="false"/>
<entry key="isInactive" type="xboolean" value="false"/>
<entry key="node_message" type="xstring" value="Selected output file exists and will be overwritten!"/>
<config key="ports"/>
</config>
