<?xml version="1.0" encoding="UTF-8"?>
<config xmlns="http://www.knime.org/2008/09/XMLConfig" xmlns:xsi="http://www.w3.org/2001/XMLSchema-instance" xsi:schemaLocation="http://www.knime.org/2008/09/XMLConfig http://www.knime.org/XMLConfig_2008_09.xsd" key="settings.xml">
<entry key="name" type="xstring" value="Column Filter"/>
<config key="model">
<entry key="selectionOption" type="xstring" value="EnforceExclusion"/>
<config key="exclude">
<entry key="array-size" type="xint" value="65"/>
<entry key="0" type="xstring" value="ImageNumber"/>
<entry key="1" type="xstring" value="Metadata_ChannelNumber"/>
<entry key="2" type="xstring" value="Metadata_FileLocation"/>
<entry key="3" type="xstring" value="Metadata_Frame"/>
<entry key="4" type="xstring" value="Metadata_Plate"/>
<entry key="5" type="xstring" value="Metadata_Series"/>
<entry key="6" type="xstring" value="Metadata_Site"/>
<entry key="7" type="xstring" value="Intensity_IntegratedIntensityEdge_DAPI"/>
<entry key="8" type="xstring" value="Intensity_IntegratedIntensityEdge_GFP"/>
<entry key="9" type="xstring" value="Intensity_IntegratedIntensityEdge_TRITC"/>
<entry key="10" type="xstring" value="Intensity_IntegratedIntensity_GFP"/>
<entry key="11" type="xstring" value="Intensity_IntegratedIntensity_TRITC"/>
<entry key="12" type="xstring" value="Intensity_LowerQuartileIntensity_DAPI"/>
<entry key="13" type="xstring" value="Intensity_LowerQuartileIntensity_GFP"/>
<entry key="14" type="xstring" value="Intensity_LowerQuartileIntensity_TRITC"/>
<entry key="15" type="xstring" value="Intensity_MADIntensity_DAPI"/>
<entry key="16" type="xstring" value="Intensity_MADIntensity_GFP"/>
<entry key="17" type="xstring" value="Intensity_MADIntensity_TRITC"/>
<entry key="18" type="xstring" value="Intensity_MassDisplacement_DAPI"/>
<entry key="19" type="xstring" value="Intensity_MassDisplacement_GFP"/>
<entry key="20" type="xstring" value="Intensity_MassDisplacement_TRITC"/>
<entry key="21" type="xstring" value="Intensity_MaxIntensityEdge_DAPI"/>
<entry key="22" type="xstring" value="Intensity_MaxIntensityEdge_GFP"/>
<entry key="23" type="xstring" value="Intensity_MaxIntensityEdge_TRITC"/>
<entry key="24" type="xstring" value="Intensity_MaxIntensity_DAPI"/>
<entry key="25" type="xstring" value="Intensity_MaxIntensity_GFP"/>
<entry key="26" type="xstring" value="Intensity_MaxIntensity_TRITC"/>
<entry key="27" type="xstring" value="Intensity_MeanIntensityEdge_DAPI"/>
<entry key="28" type="xstring" value="Intensity_MeanIntensityEdge_GFP"/>
<entry key="29" type="xstring" value="Intensity_MeanIntensityEdge_TRITC"/>
<entry key="30" type="xstring" value="Intensity_MeanIntensity_DAPI"/>
<entry key="31" type="xstring" value="Intensity_MedianIntensity_DAPI"/>
<entry key="32" type="xstring" value="Intensity_MedianIntensity_GFP"/>
<entry key="33" type="xstring" value="Intensity_MedianIntensity_TRITC"/>
<entry key="34" type="xstring" value="Intensity_MinIntensityEdge_DAPI"/>
<entry key="35" type="xstring" value="Intensity_MinIntensityEdge_GFP"/>
<entry key="36" type="xstring" value="Intensity_MinIntensityEdge_TRITC"/>
<entry key="37" type="xstring" value="Intensity_MinIntensity_DAPI"/>
<entry key="38" type="xstring" value="Intensity_MinIntensity_GFP"/>
<entry key="39" type="xstring" value="Intensity_MinIntensity_TRITC"/>
<entry key="40" type="xstring" value="Intensity_StdIntensityEdge_DAPI"/>
<entry key="41" type="xstring" value="Intensity_StdIntensityEdge_GFP"/>
<entry key="42" type="xstring" value="Intensity_StdIntensityEdge_TRITC"/>
<entry key="43" type="xstring" value="Intensity_StdIntensity_DAPI"/>
<entry key="44" type="xstring" value="Intensity_StdIntensity_GFP"/>
<entry key="45" type="xstring" value="Intensity_StdIntensity_TRITC"/>
<entry key="46" type="xstring" value="Intensity_UpperQuartileIntensity_DAPI"/>
<entry key="47" type="xstring" value="Intensity_UpperQuartileIntensity_GFP"/>
<entry key="48" type="xstring" value="Intensity_UpperQuartileIntensity_TRITC"/>
<entry key="49" type="xstring" value="Location_CenterMassIntensity_X_DAPI"/>
<entry key="50" type="xstring" value="Location_CenterMassIntensity_X_GFP"/>
<entry key="51" type="xstring" value="Location_CenterMassIntensity_X_TRITC"/>
<entry key="52" type="xstring" value="Location_CenterMassIntensity_Y_DAPI"/>
<entry key="53" type="xstring" value="Location_CenterMassIntensity_Y_GFP"/>
<entry key="54" type="xstring" value="Location_CenterMassIntensity_Y_TRITC"/>
<entry key="55" type="xstring" value="Location_Center_X"/>
<entry key="56" type="xstring" value="Location_Center_Y"/>
<entry key="57" type="xstring" value="Location_MaxIntensity_X_DAPI"/>
<entry key="58" type="xstring" value="Location_MaxIntensity_X_GFP"/>
<entry key="59" type="xstring" value="Location_MaxIntensity_X_TRITC"/>
<entry key="60" type="xstring" value="Location_MaxIntensity_Y_DAPI"/>
<entry key="61" type="xstring" value="Location_MaxIntensity_Y_GFP"/>
<entry key="62" type="xstring" value="Location_MaxIntensity_Y_TRITC"/>
<entry key="63" type="xstring" value="Number_Object_Number"/>
<entry key="64" type="xstring" value="Parent_Nuclei"/>
</config>
</config>
<config key="variables">
<config key="selectionOption">
<entry key="used_variable" type="xstring" isnull="true" value=""/>
<entry key="exposed_variable" type="xstring" value="Metadata_Well"/>
</config>
</config>
<entry key="hasContent" type="xboolean" value="true"/>
<entry key="isInactive" type="xboolean" value="false"/>
<config key="ports">
<config key="port_1">
<entry key="index" type="xint" value="1"/>
<entry key="port_spec_class" type="xstring" value="org.knime.core.data.DataTableSpec"/>
<entry key="port_object_class" type="xstring" value="org.knime.core.node.BufferedDataTable"/>
<entry key="port_object_summary" type="xstring" value="Rows: 451829, Cols: 5"/>
<entry key="port_dir_location" type="xstring" value="port_1"/>
</config>
</config>
<config key="filestores">
<entry key="file_store_location" type="xstring" isnull="true" value=""/>
<entry key="file_store_id" type="xstring" value="10c2fa45-f07c-4652-ab28-9c9f0e310f9b"/>
</config>
</config>
