<?xml version="1.0" encoding="UTF-8"?>
<config xmlns="http://www.knime.org/2008/09/XMLConfig" xmlns:xsi="http://www.w3.org/2001/XMLSchema-instance" xsi:schemaLocation="http://www.knime.org/2008/09/XMLConfig http://www.knime.org/XMLConfig_2008_09.xsd" key="settings.xml">
<entry key="name" type="xstring" value="Missing Value"/>
<config key="model">
<config key="meta_colsetting">
<config key="meta_int">
<entry key="miss_method" type="xint" value="1"/>
<entry key="col_types" type="xint" value="1"/>
<config key="fix_val">
<entry key="datacell" type="xstring" value="org.knime.core.data.def.IntCell"/>
<config key="org.knime.core.data.def.IntCell">
<entry key="IntCell" type="xint" value="0"/>
</config>
</config>
</config>
<config key="meta_double">
<entry key="miss_method" type="xint" value="-1"/>
<entry key="col_types" type="xint" value="0"/>
</config>
<config key="meta_string">
<entry key="miss_method" type="xint" value="-1"/>
<entry key="col_types" type="xint" value="2"/>
</config>
<config key="meta_other">
<entry key="miss_method" type="xint" value="-1"/>
<entry key="col_types" type="xint" value="-1"/>
</config>
</config>
<config key="individual_colsetting"/>
</config>
<entry key="hasContent" type="xboolean" value="true"/>
<entry key="isInactive" type="xboolean" value="false"/>
<config key="ports">
<config key="port_1">
<entry key="index" type="xint" value="1"/>
<entry key="port_spec_class" type="xstring" value="org.knime.core.data.DataTableSpec"/>
<entry key="port_object_class" type="xstring" value="org.knime.core.node.BufferedDataTable"/>
<entry key="port_object_summary" type="xstring" value="Rows: 96, Cols: 3"/>
<entry key="port_dir_location" type="xstring" value="port_1"/>
</config>
</config>
</config>
