<?xml version="1.0" encoding="UTF-8"?>
<config xmlns="http://www.knime.org/2008/09/XMLConfig" xmlns:xsi="http://www.w3.org/2001/XMLSchema-instance" xsi:schemaLocation="http://www.knime.org/2008/09/XMLConfig http://www.knime.org/XMLConfig_2008_09.xsd" key="settings.xml">
<entry key="name" type="xstring" value="File Reader"/>
<config key="model">
<config key="Delimiters">
<config key="Delim0">
<entry key="pattern" type="xstring" value="%%00010"/>
<entry key="combineMultiple" type="xboolean" value="true"/>
<entry key="includeInToken" type="xboolean" value="false"/>
<entry key="returnAsToken" type="xboolean" value="true"/>
</config>
<config key="Delim1">
<entry key="pattern" type="xstring" value=","/>
<entry key="combineMultiple" type="xboolean" value="false"/>
<entry key="includeInToken" type="xboolean" value="false"/>
<entry key="returnAsToken" type="xboolean" value="false"/>
</config>
</config>
<config key="Quotes">
<config key="Quote0">
<entry key="left" type="xstring" value="&quot;"/>
<entry key="right" type="xstring" value="&quot;"/>
<entry key="EscChar" type="xchar" value="\"/>
<entry key="DontRem" type="xboolean" value="false"/>
</config>
<config key="Quote1">
<entry key="left" type="xstring" value="'"/>
<entry key="right" type="xstring" value="'"/>
<entry key="EscChar" type="xchar" value="\"/>
<entry key="DontRem" type="xboolean" value="false"/>
</config>
</config>
<config key="Comments"/>
<config key="WhiteSpaces">
<entry key="WhiteSpace0" type="xstring" value=" "/>
<entry key="WhiteSpace1" type="xstring" value="%%00009"/>
</config>
<entry key="CombineMultDelims" type="xboolean" value="false"/>
<entry key="DataURL" type="xstring" value="file:/R:/Data/131015-H42-H48-Timelapse-Puls-Titration_Plate_184/d6_DetectedCells.csv"/>
<entry key="TableName" type="xstring" value="d6_DetectedCells.csv"/>
<entry key="hasColHdr" type="xboolean" value="true"/>
<entry key="hasRowHdr" type="xboolean" value="false"/>
<entry key="ignoreEmptyLines" type="xboolean" value="true"/>
<entry key="rowPrefix" type="xstring" value="Row"/>
<config key="RowDelims">
<entry key="RDelim0" type="xstring" value="%%00010"/>
<entry key="SkipEmptyLine0" type="xboolean" value="true"/>
</config>
<config key="MissingPatterns"/>
<entry key="globalMissPattern" type="xstring" isnull="true" value=""/>
<entry key="DecimalSeparator" type="xchar" value="."/>
<entry key="ThrousandsSeparator" type="xchar" value="%%00000"/>
<entry key="ignEmtpyTokensAtEOR" type="xboolean" value="false"/>
<entry key="acceptShortLines" type="xboolean" value="false"/>
<entry key="uniquifyRowID" type="xboolean" value="false"/>
<entry key="MaxNumOfRows" type="xlong" value="-1"/>
<entry key="ColNumDetermLine" type="xint" value="-1"/>
<entry key="CharsetName" type="xstring" isnull="true" value=""/>
<entry key="delimsAtEOLuserVal" type="xboolean" value="false"/>
<entry key="numOfColumns" type="xint" value="27"/>
<entry key="PreserveSettings" type="xboolean" value="false"/>
<config key="ColumnProperties">
<config key="0">
<entry key="UserSetValues" type="xboolean" value="false"/>
<entry key="MissValuePattern" type="xstring" isnull="true" value=""/>
<entry key="ReadPossValsFromFile" type="xboolean" value="false"/>
<entry key="SkipThisColumn" type="xboolean" value="false"/>
<entry key="ColumnName" type="xstring" value="ImageNumber"/>
<config key="ColumnClass">
<entry key="cell_class" type="xstring" value="org.knime.core.data.def.IntCell"/>
<entry key="is_null" type="xboolean" value="false"/>
</config>
</config>
<config key="1">
<entry key="UserSetValues" type="xboolean" value="false"/>
<entry key="MissValuePattern" type="xstring" isnull="true" value=""/>
<entry key="ReadPossValsFromFile" type="xboolean" value="false"/>
<entry key="SkipThisColumn" type="xboolean" value="false"/>
<entry key="ColumnName" type="xstring" value="ObjectNumber"/>
<config key="ColumnClass">
<entry key="cell_class" type="xstring" value="org.knime.core.data.def.IntCell"/>
<entry key="is_null" type="xboolean" value="false"/>
</config>
</config>
<config key="2">
<entry key="UserSetValues" type="xboolean" value="false"/>
<entry key="MissValuePattern" type="xstring" value="?"/>
<entry key="ReadPossValsFromFile" type="xboolean" value="false"/>
<entry key="SkipThisColumn" type="xboolean" value="false"/>
<entry key="ColumnName" type="xstring" value="Metadata_Plate"/>
<config key="ColumnClass">
<entry key="cell_class" type="xstring" value="org.knime.core.data.def.StringCell"/>
<entry key="is_null" type="xboolean" value="false"/>
</config>
</config>
<config key="3">
<entry key="UserSetValues" type="xboolean" value="false"/>
<entry key="MissValuePattern" type="xstring" isnull="true" value=""/>
<entry key="ReadPossValsFromFile" type="xboolean" value="false"/>
<entry key="SkipThisColumn" type="xboolean" value="false"/>
<entry key="ColumnName" type="xstring" value="Metadata_Site"/>
<config key="ColumnClass">
<entry key="cell_class" type="xstring" value="org.knime.core.data.def.IntCell"/>
<entry key="is_null" type="xboolean" value="false"/>
</config>
</config>
<config key="4">
<entry key="UserSetValues" type="xboolean" value="false"/>
<entry key="MissValuePattern" type="xstring" value="?"/>
<entry key="ReadPossValsFromFile" type="xboolean" value="false"/>
<entry key="SkipThisColumn" type="xboolean" value="false"/>
<entry key="ColumnName" type="xstring" value="Metadata_Well"/>
<config key="ColumnClass">
<entry key="cell_class" type="xstring" value="org.knime.core.data.def.StringCell"/>
<entry key="is_null" type="xboolean" value="false"/>
</config>
</config>
<config key="5">
<entry key="UserSetValues" type="xboolean" value="false"/>
<entry key="MissValuePattern" type="xstring" isnull="true" value=""/>
<entry key="ReadPossValsFromFile" type="xboolean" value="false"/>
<entry key="SkipThisColumn" type="xboolean" value="false"/>
<entry key="ColumnName" type="xstring" value="Intensity_IntegratedIntensityEdge_VirusSignal"/>
<config key="ColumnClass">
<entry key="cell_class" type="xstring" value="org.knime.core.data.def.DoubleCell"/>
<entry key="is_null" type="xboolean" value="false"/>
</config>
</config>
<config key="6">
<entry key="UserSetValues" type="xboolean" value="false"/>
<entry key="MissValuePattern" type="xstring" isnull="true" value=""/>
<entry key="ReadPossValsFromFile" type="xboolean" value="false"/>
<entry key="SkipThisColumn" type="xboolean" value="false"/>
<entry key="ColumnName" type="xstring" value="Intensity_IntegratedIntensity_VirusSignal"/>
<config key="ColumnClass">
<entry key="cell_class" type="xstring" value="org.knime.core.data.def.DoubleCell"/>
<entry key="is_null" type="xboolean" value="false"/>
</config>
</config>
<config key="7">
<entry key="UserSetValues" type="xboolean" value="false"/>
<entry key="MissValuePattern" type="xstring" isnull="true" value=""/>
<entry key="ReadPossValsFromFile" type="xboolean" value="false"/>
<entry key="SkipThisColumn" type="xboolean" value="false"/>
<entry key="ColumnName" type="xstring" value="Intensity_LowerQuartileIntensity_VirusSignal"/>
<config key="ColumnClass">
<entry key="cell_class" type="xstring" value="org.knime.core.data.def.DoubleCell"/>
<entry key="is_null" type="xboolean" value="false"/>
</config>
</config>
<config key="8">
<entry key="UserSetValues" type="xboolean" value="false"/>
<entry key="MissValuePattern" type="xstring" isnull="true" value=""/>
<entry key="ReadPossValsFromFile" type="xboolean" value="false"/>
<entry key="SkipThisColumn" type="xboolean" value="false"/>
<entry key="ColumnName" type="xstring" value="Intensity_MADIntensity_VirusSignal"/>
<config key="ColumnClass">
<entry key="cell_class" type="xstring" value="org.knime.core.data.def.DoubleCell"/>
<entry key="is_null" type="xboolean" value="false"/>
</config>
</config>
<config key="9">
<entry key="UserSetValues" type="xboolean" value="false"/>
<entry key="MissValuePattern" type="xstring" isnull="true" value=""/>
<entry key="ReadPossValsFromFile" type="xboolean" value="false"/>
<entry key="SkipThisColumn" type="xboolean" value="false"/>
<entry key="ColumnName" type="xstring" value="Intensity_MassDisplacement_VirusSignal"/>
<config key="ColumnClass">
<entry key="cell_class" type="xstring" value="org.knime.core.data.def.DoubleCell"/>
<entry key="is_null" type="xboolean" value="false"/>
</config>
</config>
<config key="10">
<entry key="UserSetValues" type="xboolean" value="false"/>
<entry key="MissValuePattern" type="xstring" isnull="true" value=""/>
<entry key="ReadPossValsFromFile" type="xboolean" value="false"/>
<entry key="SkipThisColumn" type="xboolean" value="false"/>
<entry key="ColumnName" type="xstring" value="Intensity_MaxIntensityEdge_VirusSignal"/>
<config key="ColumnClass">
<entry key="cell_class" type="xstring" value="org.knime.core.data.def.DoubleCell"/>
<entry key="is_null" type="xboolean" value="false"/>
</config>
</config>
<config key="11">
<entry key="UserSetValues" type="xboolean" value="false"/>
<entry key="MissValuePattern" type="xstring" isnull="true" value=""/>
<entry key="ReadPossValsFromFile" type="xboolean" value="false"/>
<entry key="SkipThisColumn" type="xboolean" value="false"/>
<entry key="ColumnName" type="xstring" value="Intensity_MaxIntensity_VirusSignal"/>
<config key="ColumnClass">
<entry key="cell_class" type="xstring" value="org.knime.core.data.def.DoubleCell"/>
<entry key="is_null" type="xboolean" value="false"/>
</config>
</config>
<config key="12">
<entry key="UserSetValues" type="xboolean" value="false"/>
<entry key="MissValuePattern" type="xstring" isnull="true" value=""/>
<entry key="ReadPossValsFromFile" type="xboolean" value="false"/>
<entry key="SkipThisColumn" type="xboolean" value="false"/>
<entry key="ColumnName" type="xstring" value="Intensity_MeanIntensityEdge_VirusSignal"/>
<config key="ColumnClass">
<entry key="cell_class" type="xstring" value="org.knime.core.data.def.DoubleCell"/>
<entry key="is_null" type="xboolean" value="false"/>
</config>
</config>
<config key="13">
<entry key="UserSetValues" type="xboolean" value="false"/>
<entry key="MissValuePattern" type="xstring" isnull="true" value=""/>
<entry key="ReadPossValsFromFile" type="xboolean" value="false"/>
<entry key="SkipThisColumn" type="xboolean" value="false"/>
<entry key="ColumnName" type="xstring" value="Intensity_MeanIntensity_VirusSignal"/>
<config key="ColumnClass">
<entry key="cell_class" type="xstring" value="org.knime.core.data.def.DoubleCell"/>
<entry key="is_null" type="xboolean" value="false"/>
</config>
</config>
<config key="14">
<entry key="UserSetValues" type="xboolean" value="false"/>
<entry key="MissValuePattern" type="xstring" isnull="true" value=""/>
<entry key="ReadPossValsFromFile" type="xboolean" value="false"/>
<entry key="SkipThisColumn" type="xboolean" value="false"/>
<entry key="ColumnName" type="xstring" value="Intensity_MedianIntensity_VirusSignal"/>
<config key="ColumnClass">
<entry key="cell_class" type="xstring" value="org.knime.core.data.def.DoubleCell"/>
<entry key="is_null" type="xboolean" value="false"/>
</config>
</config>
<config key="15">
<entry key="UserSetValues" type="xboolean" value="false"/>
<entry key="MissValuePattern" type="xstring" isnull="true" value=""/>
<entry key="ReadPossValsFromFile" type="xboolean" value="false"/>
<entry key="SkipThisColumn" type="xboolean" value="false"/>
<entry key="ColumnName" type="xstring" value="Intensity_MinIntensityEdge_VirusSignal"/>
<config key="ColumnClass">
<entry key="cell_class" type="xstring" value="org.knime.core.data.def.DoubleCell"/>
<entry key="is_null" type="xboolean" value="false"/>
</config>
</config>
<config key="16">
<entry key="UserSetValues" type="xboolean" value="false"/>
<entry key="MissValuePattern" type="xstring" isnull="true" value=""/>
<entry key="ReadPossValsFromFile" type="xboolean" value="false"/>
<entry key="SkipThisColumn" type="xboolean" value="false"/>
<entry key="ColumnName" type="xstring" value="Intensity_MinIntensity_VirusSignal"/>
<config key="ColumnClass">
<entry key="cell_class" type="xstring" value="org.knime.core.data.def.DoubleCell"/>
<entry key="is_null" type="xboolean" value="false"/>
</config>
</config>
<config key="17">
<entry key="UserSetValues" type="xboolean" value="false"/>
<entry key="MissValuePattern" type="xstring" isnull="true" value=""/>
<entry key="ReadPossValsFromFile" type="xboolean" value="false"/>
<entry key="SkipThisColumn" type="xboolean" value="false"/>
<entry key="ColumnName" type="xstring" value="Intensity_StdIntensityEdge_VirusSignal"/>
<config key="ColumnClass">
<entry key="cell_class" type="xstring" value="org.knime.core.data.def.DoubleCell"/>
<entry key="is_null" type="xboolean" value="false"/>
</config>
</config>
<config key="18">
<entry key="UserSetValues" type="xboolean" value="false"/>
<entry key="MissValuePattern" type="xstring" isnull="true" value=""/>
<entry key="ReadPossValsFromFile" type="xboolean" value="false"/>
<entry key="SkipThisColumn" type="xboolean" value="false"/>
<entry key="ColumnName" type="xstring" value="Intensity_StdIntensity_VirusSignal"/>
<config key="ColumnClass">
<entry key="cell_class" type="xstring" value="org.knime.core.data.def.DoubleCell"/>
<entry key="is_null" type="xboolean" value="false"/>
</config>
</config>
<config key="19">
<entry key="UserSetValues" type="xboolean" value="false"/>
<entry key="MissValuePattern" type="xstring" isnull="true" value=""/>
<entry key="ReadPossValsFromFile" type="xboolean" value="false"/>
<entry key="SkipThisColumn" type="xboolean" value="false"/>
<entry key="ColumnName" type="xstring" value="Intensity_UpperQuartileIntensity_VirusSignal"/>
<config key="ColumnClass">
<entry key="cell_class" type="xstring" value="org.knime.core.data.def.DoubleCell"/>
<entry key="is_null" type="xboolean" value="false"/>
</config>
</config>
<config key="20">
<entry key="UserSetValues" type="xboolean" value="false"/>
<entry key="MissValuePattern" type="xstring" isnull="true" value=""/>
<entry key="ReadPossValsFromFile" type="xboolean" value="false"/>
<entry key="SkipThisColumn" type="xboolean" value="false"/>
<entry key="ColumnName" type="xstring" value="Location_CenterMassIntensity_X_VirusSignal"/>
<config key="ColumnClass">
<entry key="cell_class" type="xstring" value="org.knime.core.data.def.DoubleCell"/>
<entry key="is_null" type="xboolean" value="false"/>
</config>
</config>
<config key="21">
<entry key="UserSetValues" type="xboolean" value="false"/>
<entry key="MissValuePattern" type="xstring" isnull="true" value=""/>
<entry key="ReadPossValsFromFile" type="xboolean" value="false"/>
<entry key="SkipThisColumn" type="xboolean" value="false"/>
<entry key="ColumnName" type="xstring" value="Location_CenterMassIntensity_Y_VirusSignal"/>
<config key="ColumnClass">
<entry key="cell_class" type="xstring" value="org.knime.core.data.def.DoubleCell"/>
<entry key="is_null" type="xboolean" value="false"/>
</config>
</config>
<config key="22">
<entry key="UserSetValues" type="xboolean" value="false"/>
<entry key="MissValuePattern" type="xstring" isnull="true" value=""/>
<entry key="ReadPossValsFromFile" type="xboolean" value="false"/>
<entry key="SkipThisColumn" type="xboolean" value="false"/>
<entry key="ColumnName" type="xstring" value="Location_Center_X"/>
<config key="ColumnClass">
<entry key="cell_class" type="xstring" value="org.knime.core.data.def.DoubleCell"/>
<entry key="is_null" type="xboolean" value="false"/>
</config>
</config>
<config key="23">
<entry key="UserSetValues" type="xboolean" value="false"/>
<entry key="MissValuePattern" type="xstring" isnull="true" value=""/>
<entry key="ReadPossValsFromFile" type="xboolean" value="false"/>
<entry key="SkipThisColumn" type="xboolean" value="false"/>
<entry key="ColumnName" type="xstring" value="Location_Center_Y"/>
<config key="ColumnClass">
<entry key="cell_class" type="xstring" value="org.knime.core.data.def.DoubleCell"/>
<entry key="is_null" type="xboolean" value="false"/>
</config>
</config>
<config key="24">
<entry key="UserSetValues" type="xboolean" value="false"/>
<entry key="MissValuePattern" type="xstring" isnull="true" value=""/>
<entry key="ReadPossValsFromFile" type="xboolean" value="false"/>
<entry key="SkipThisColumn" type="xboolean" value="false"/>
<entry key="ColumnName" type="xstring" value="Location_MaxIntensity_X_VirusSignal"/>
<config key="ColumnClass">
<entry key="cell_class" type="xstring" value="org.knime.core.data.def.DoubleCell"/>
<entry key="is_null" type="xboolean" value="false"/>
</config>
</config>
<config key="25">
<entry key="UserSetValues" type="xboolean" value="false"/>
<entry key="MissValuePattern" type="xstring" isnull="true" value=""/>
<entry key="ReadPossValsFromFile" type="xboolean" value="false"/>
<entry key="SkipThisColumn" type="xboolean" value="false"/>
<entry key="ColumnName" type="xstring" value="Location_MaxIntensity_Y_VirusSignal"/>
<config key="ColumnClass">
<entry key="cell_class" type="xstring" value="org.knime.core.data.def.DoubleCell"/>
<entry key="is_null" type="xboolean" value="false"/>
</config>
</config>
<config key="26">
<entry key="UserSetValues" type="xboolean" value="false"/>
<entry key="MissValuePattern" type="xstring" isnull="true" value=""/>
<entry key="ReadPossValsFromFile" type="xboolean" value="false"/>
<entry key="SkipThisColumn" type="xboolean" value="false"/>
<entry key="ColumnName" type="xstring" value="Number_Object_Number"/>
<config key="ColumnClass">
<entry key="cell_class" type="xstring" value="org.knime.core.data.def.IntCell"/>
<entry key="is_null" type="xboolean" value="false"/>
</config>
</config>
</config>
</config>
<entry key="hasContent" type="xboolean" value="false"/>
<entry key="isInactive" type="xboolean" value="false"/>
<config key="ports">
<config key="port_1">
<entry key="index" type="xint" value="1"/>
<entry key="port_dir_location" type="xstring" isnull="true" value=""/>
</config>
</config>
</config>
